"Page","StatusCode","FinalUrl","UsesWww","Title","MetaDesc","H1","Canonical","CanonicalOk","CanonicalUsesWww","NoIndex","InSitemap","WordCount","TechPass"
"/American-Western-Art","200","https://www.k4studios.com/American-Western-Art","True","American Western Art","Browse American Western art by Wayne Heim: collector-focused cowboy portraits, Indigenous portrait work, and frontier narrative scenes offered as???","American Western Art","https://www.k4studios.com/American-Western-Art","True","True","False","True","4399","True"
"/Contemporary-Western-Art","200","https://www.k4studios.com/Contemporary-Western-Art","True","Contemporary Western Art ??? Wayne Heim | K4 Studios","Contemporary Western art by Wayne Heim: present-tense painterly photography carrying the tradition of American Western art forward through modern visual???","Contemporary Western Art","https://www.k4studios.com/Contemporary-Western-Art","True","True","False","True","4446","True"
"/Cowboy-Fine-Art-Photography","200","https://www.k4studios.com/Cowboy-Fine-Art-Photography","True","Cowboy Fine Art Photography ??? Wayne Heim","Cowboy fine art photography by Wayne Heim. This collection features cowboy photography and black and white cowboy photography???authentic portraits of working???","Cowboy Fine Art Photography","https://www.k4studios.com/Cowboy-Fine-Art-Photography","True","True","False","True","4200","True"
"/Fine-Art-Photography-of-the-American-West","200","https://www.k4studios.com/Fine-Art-Photography-of-the-American-West","True","Fine Art Photography of the American West","Fine art photography of the American West by Wayne Heim: historically rooted, painterly photography spanning cowboy portraits, Indigenous presence, frontier???","Fine Art Photography of the American West","https://www.k4studios.com/Fine-Art-Photography-of-the-American-West","True","True","False","True","5026","True"
"/Historical-Western-Art","200","https://www.k4studios.com/Historical-Western-Art","True","Historical Western Art ??? Wayne Heim","Historical Western art and historically themed Western photography by Wayne Heim ??? not modern ranch imagery ??? using narrative, painterly composition to explore???","Historical Western Art","https://www.k4studios.com/Historical-Western-Art","True","True","False","True","4554","True"
"/Narrative-Western-Art","200","https://www.k4studios.com/Narrative-Western-Art","True","Narrative Western Art ??? Wayne Heim | K4 Studios","Narrative Western Art by Wayne Heim at K4 Studios. Explore Narrative Western Art and collector-focused galleries at K4 Studios.","Narrative Western Art","https://www.k4studios.com/Narrative-Western-Art","True","True","False","True","5313","True"
"/Painterly-Western-Photography","200","https://www.k4studios.com/Painterly-Western-Photography","True","Painterly Western Photography ??? Wayne Heim","Painterly Western photography by Wayne Heim. Explore the discipline, light, and narrative philosophy behind character-driven cowboy portraits and frontier fine???","Painterly Western Photography","https://www.k4studios.com/Painterly-Western-Photography","True","True","False","True","4244","True"
"/Western-Cowboy-Photography","200","https://www.k4studios.com/Western-Cowboy-Photography","True","Western Cowboy Photography ??? Wayne Heim","Western cowboy photography and wild west cowboy portraits???authentic character studies from the American frontier, crafted with painterly depth and narrative???","Western Cowboy Photography","https://www.k4studios.com/Western-Cowboy-Photography","True","True","False","True","4460","True"
"/Western-Fine-Art-Photography","200","https://www.k4studios.com/Western-Fine-Art-Photography","True","Western Fine Art Photography","Western fine art photography by Wayne Heim: authored, painterly fine art of the American West centered on cowboy portraits, frontier characters, and narrative???","Western Fine Art Photography","https://www.k4studios.com/Western-Fine-Art-Photography","True","True","False","True","5519","True"
"/Western-Frontier-Art","200","https://www.k4studios.com/Western-Frontier-Art","True","Western Frontier Art","Western frontier art by Wayne Heim: historically rooted painterly fine art of the American frontier, centered on frontier life, character, tension, and???","Western Frontier Art","https://www.k4studios.com/Western-Frontier-Art","True","True","False","True","5345","True"
"/Western-Photography-Art","200","https://www.k4studios.com/Western-Photography-Art","True","Western Photography Art ??? Wayne Heim | K4 Studios","Western photography art by Wayne Heim, also aligned with the term Western art photography. Authored frontier photography built through narrative intent???","Western Photography Art","https://www.k4studios.com/Western-Photography-Art","True","True","False","True","5157","True"
"/Western-Wall-Art","200","https://www.k4studios.com/Western-Wall-Art","True","Western Wall Art ??? Fine Art Prints by Wayne Heim","Museum-quality Western wall art and wild west cowboy photography by Wayne Heim. Vintage western art, cowboy portraits, and frontier landscapes ??? cinematic???","Western Wall Art","https://www.k4studios.com/Western-Wall-Art","True","True","False","True","4234","True"
"/Modern-Western-Interior-Design-Art","200","https://www.k4studios.com/Modern-Western-Interior-Design-Art","True","Modern Western Interior Design Art for Clean, Statement Spaces","Modern Western Interior Design Art by Wayne Heim at K4 Studios. Explore Modern Western Interior Design Art and collector-focused galleries at K4 Studios.","Modern Western Interior Design Art for Clean, Statement Spaces","https://www.k4studios.com/Modern-Western-Interior-Design-Art","True","True","False","True","4371","True"
"/Western-Interior-Design-Art","200","https://www.k4studios.com/Western-Interior-Design-Art","True","Western Interior Design Art for Statement Spaces","Western Interior Design Art by Wayne Heim at K4 Studios. Explore Western Interior Design Art and collector-focused galleries at K4 Studios.","Western Interior Design Art for Statement Spaces","https://www.k4studios.com/Western-Interior-Design-Art","True","True","False","True","3736","True"
"/Western-Wall-Art-for-Interior-Designers","200","https://www.k4studios.com/Western-Wall-Art-for-Interior-Designers","True","Western Wall Art for Interior Designers","Western Wall Art For Interior Designers by Wayne Heim at K4 Studios. Explore Western Wall Art For Interior Designers and collector-focused galleries at K4???","Western Wall Art for Interior Designers | Placement-Ready Statement Artwork","https://www.k4studios.com/Western-Wall-Art-for-Interior-Designers","True","True","False","True","3754","True"
"/Rustic-Western-Interior-Design-Art","200","https://www.k4studios.com/Rustic-Western-Interior-Design-Art","True","Rustic Western Interior Design Art for Warm, Textural Spaces","Rustic Western Interior Design Art by Wayne Heim at K4 Studios. Explore Rustic Western Interior Design Art and collector-focused galleries at K4 Studios.","Rustic Western Interior Design Art for Warm, Textural Spaces","https://www.k4studios.com/Rustic-Western-Interior-Design-Art","True","True","False","True","3873","True"
"/Western-Black-and-White-Photography","200","https://www.k4studios.com/Western-Black-and-White-Photography","True","Western Black and White Photography","Western black and white photography by Wayne Heim presented as a curated route into monochrome cowboy portraits, narrative Western scenes, and Native American???","Western Black and White Photography","https://www.k4studios.com/Western-Black-and-White-Photography","True","True","False","True","4028","True"
"/western-landscape-art","200","https://www.k4studios.com/western-landscape-art","True","Western Landscape Art","Western landscape art by Wayne Heim featuring painterly mountain photography, waterfall imagery, Tetons, Rocky Mountain views, and Western sunset landscapes.","Western Landscape Art","https://www.k4studios.com/western-landscape-art","True","True","False","True","4221","True"
"/western-photos","200","https://www.k4studios.com/western-photos","True","Western Photos | Fine Art Photography of the American West","Explore Western photos featuring cinematic cowboy scenes, portraits, and landscapes of the American West. Fine art photography with a painterly, storytelling???","Western Photos","https://www.k4studios.com/western-photos","True","True","False","True","1581","False"
"/western-portrait-photography","200","https://www.k4studios.com/western-portrait-photography","True","Western Portrait Photography","Western portrait photography by Wayne Heim presented as a curated route into cowboy portraits, Native American portrait work, and black-and-white Western???","Western Portrait Photography","https://www.k4studios.com/western-portrait-photography","True","True","False","True","3978","True"
"/old-western-art","200","https://www.k4studios.com/old-western-art","True","What Is Old Western Art?","Old western art describes imagery that carries the atmosphere, people, and story world of the 1880s-era frontier. Here it is framed as contemporary authored???","
What Is Old Western Art?
","https://www.k4studios.com/old-western-art","True","True","False","True","2031","False"
"/vintage-western-art","200","https://www.k4studios.com/vintage-western-art","True","Vintage Western Art","Vintage western art by Wayne Heim featuring vintage cowboy art, old-west atmosphere, and painterly frontier prints created for collectors rather than???","Vintage Western Art","https://www.k4studios.com/vintage-western-art","True","True","False","True","4013","True"
"/western-art-photography","200","https://www.k4studios.com/western-art-photography","True","Western Art Photography | Western Photography Art at K4 Studios","Western art photography is a bridge term for Western photography art: authored photographs of the American West shaped by painterly craft, frontier atmosphere,???","Western Art Photography","https://www.k4studios.com/Western-Photography-Art","False","True","False","True","1144","False"
"/western-artwork","200","https://www.k4studios.com/western-artwork","True","Western Artwork | Painterly Western Art by Wayne Heim ??? K4 Studios","Western artwork by Wayne Heim spanning painterly portraits, narrative frontier scenes, and atmospheric landscapes for collectors seeking serious Western art.","Western Artwork","https://www.k4studios.com/western-artwork","True","True","False","True","4103","True"
"/Western-Photography-Prints","200","https://www.k4studios.com/Western-Photography-Prints","True","Western Photography Prints","Western photography prints by Wayne Heim presented as a curated entry into story-driven cowboy portraits, Wild West narratives, and collector-grade Western wall???","Western Photography Prints","https://www.k4studios.com/Western-Photography-Prints","True","True","False","True","4077","True"
"/historical-fine-art-photography-collection","200","https://www.k4studios.com/historical-fine-art-photography-collection","True","Facing History Series | Historical Fine Art Photography Collection","The Facing History Series by Wayne Heim is a historical fine art photography collection moving through Wild West, Civil War, World War II, and Roaring Twenties???","The Facing History Series","https://www.k4studios.com/historical-fine-art-photography-collection","True","True","False","True","4508","True"
"/western-fine-art-photography-collection","200","https://www.k4studios.com/western-fine-art-photography-collection","True","Western Fine Art Photography Collection","A curated Western fine art photography collection by Wayne Heim, linking cowboy portraiture, narrative Western imagery, Native American portrait work, and???","Western Fine Art Photography Collection","https://www.k4studios.com/western-fine-art-photography-collection","True","True","False","True","4235","True"
"/Other/Narrative-Art","200","https://www.k4studios.com/Other/Narrative-Art","True","Narrative Art | K4 Studios","Narrative Art by Wayne Heim at K4 Studios. Explore Narrative Art and collector-focused galleries at K4 Studios.","Narrative Art","https://www.k4studios.com/Other/Narrative-Art","True","True","False","True","1102","False"
