Page,TargetKeyword,PrimaryOwningUrl,SupportingUrls,StrongestInternalLinksPointingToIt,AnchorTextUsed,PagesItShouldLinkBackTo,Role,InboundLinkCount
/American-Western-Art,american western art,/American-Western-Art,/Contemporary-Western-Art | /Cowboy-Fine-Art-Photography | /Fine-Art-Photography-of-the-American-West | /Historical-Western-Art | /Painterly-Western-Photography | /Western-Cowboy-Photography | /Western-Fine-Art-Photography | /Western-Frontier-Art | /Western-Black-and-White-Photography | /western-landscape-art | /western-portrait-photography | /western-artwork | /historical-fine-art-photography-collection | /western-fine-art-photography-collection | /cowboy-art-prints,/Masters-of-American-Western-Art (3); /Cowboy-Photography (2); /Photography-in-Western-Art (2); /Art-of-the-American-West (1); /Fine-Art-Photography-of-the-American-West (1),American Western Art (9),/Contemporary-Western-Art | /Cowboy-Fine-Art-Photography | /Fine-Art-Photography-of-the-American-West,hub,9
/Contemporary-Western-Art,contemporary western art,/Contemporary-Western-Art,/American-Western-Art | /Cowboy-Fine-Art-Photography | /Fine-Art-Photography-of-the-American-West | /Historical-Western-Art | /Painterly-Western-Photography | /Western-Cowboy-Photography | /Western-Fine-Art-Photography | /Western-Frontier-Art | /Western-Black-and-White-Photography | /western-landscape-art | /western-portrait-photography | /western-artwork | /historical-fine-art-photography-collection | /western-fine-art-photography-collection | /cowboy-art-prints,/Blog/what-is-artistic-western-photography (1),Contemporary Western Art (1),/American-Western-Art | /Cowboy-Fine-Art-Photography | /Fine-Art-Photography-of-the-American-West,hub,1
/Cowboy-Fine-Art-Photography,cowboy fine art photography,/Cowboy-Fine-Art-Photography,/American-Western-Art | /Contemporary-Western-Art | /Fine-Art-Photography-of-the-American-West | /Historical-Western-Art | /Painterly-Western-Photography | /Western-Cowboy-Photography | /Western-Fine-Art-Photography | /Western-Frontier-Art | /Western-Black-and-White-Photography | /western-landscape-art | /western-portrait-photography | /western-artwork | /historical-fine-art-photography-collection | /western-fine-art-photography-collection | /cowboy-art-prints,/authentic-cowboy-life (1); /Blog/what-is-cowboy-fine-art-photography (1); /Western-Cowboy-Photography-Archive (1),Cowboy Fine Art Photography (2); Cowboy Fine Art Photography Move from authentic subject matter into the cowboy portrait authority hub and its focused FAQ structure. (1),/American-Western-Art | /Contemporary-Western-Art | /Fine-Art-Photography-of-the-American-West,spoke,3
/Fine-Art-Photography-of-the-American-West,fine art photography american west,/Fine-Art-Photography-of-the-American-West,/American-Western-Art | /Contemporary-Western-Art | /Cowboy-Fine-Art-Photography | /Historical-Western-Art | /Painterly-Western-Photography | /Western-Cowboy-Photography | /Western-Fine-Art-Photography | /Western-Frontier-Art | /Western-Black-and-White-Photography | /western-landscape-art | /western-portrait-photography | /western-artwork | /historical-fine-art-photography-collection | /western-fine-art-photography-collection | /cowboy-art-prints,,,/American-Western-Art | /Contemporary-Western-Art | /Cowboy-Fine-Art-Photography,hub,0
/Historical-Western-Art,historical western art,/Historical-Western-Art,/American-Western-Art | /Contemporary-Western-Art | /Cowboy-Fine-Art-Photography | /Fine-Art-Photography-of-the-American-West | /Painterly-Western-Photography | /Western-Cowboy-Photography | /Western-Fine-Art-Photography | /Western-Frontier-Art | /Western-Black-and-White-Photography | /western-landscape-art | /western-portrait-photography | /western-artwork | /historical-fine-art-photography-collection | /western-fine-art-photography-collection | /cowboy-art-prints,/Blog/what-is-historical-western-photography (4),Historical Western Art (2); (image/link without text) (1); View the Collection (1),/American-Western-Art | /Contemporary-Western-Art | /Cowboy-Fine-Art-Photography,hub,4
/Narrative-Western-Art,narrative western art,/Narrative-Western-Art,/cinematic-western-art | /western-storytelling-photography,/Blog/narrative-western-art-vs-traditional (3); /One-Image-Movie (3); /wayne-heim-western-fine-art-photography (3); /authentic-cowboy-life (2); /Blog/can-photography-be-narrative-western-art (2),"Narrative Western Art (26); Narrative Western Art Follow the story-driven branch where frontier labor, silence, and consequence become one-image movies. (1)",/cinematic-western-art | /western-storytelling-photography,hub,27
/Painterly-Western-Photography,painterly western photography,/Painterly-Western-Photography,/American-Western-Art | /Contemporary-Western-Art | /Cowboy-Fine-Art-Photography | /Fine-Art-Photography-of-the-American-West | /Historical-Western-Art | /Western-Cowboy-Photography | /Western-Fine-Art-Photography | /Western-Frontier-Art | /Western-Black-and-White-Photography | /western-landscape-art | /western-portrait-photography | /western-artwork | /historical-fine-art-photography-collection | /western-fine-art-photography-collection | /cowboy-art-prints,/Blog/what-is-western-cowboy-art (2); /Blog/what-is-cowboy-fine-art-photography (1); /Blog/what-is-painterly-photography (1); /Blog/what-is-western-fine-art-photography (1),Painterly Western Photography (5),/American-Western-Art | /Contemporary-Western-Art | /Cowboy-Fine-Art-Photography,spoke,5
/Western-Cowboy-Photography,western cowboy photography,/Western-Cowboy-Photography,/American-Western-Art | /Contemporary-Western-Art | /Cowboy-Fine-Art-Photography | /Fine-Art-Photography-of-the-American-West | /Historical-Western-Art | /Painterly-Western-Photography | /Western-Fine-Art-Photography | /Western-Frontier-Art | /Western-Black-and-White-Photography | /western-landscape-art | /western-portrait-photography | /western-artwork | /historical-fine-art-photography-collection | /western-fine-art-photography-collection | /cowboy-art-prints,/authentic-cowboy-life (3); /Cowboy-Photography (2); /Photography-in-Western-Art (1),"Western Cowboy Photography (3); cowboy photography (2); Western Cowboy Photography Follow the broader cowboy photography page for real subjects, working cowboys, and historically informed interpre (1)",/American-Western-Art | /Contemporary-Western-Art | /Cowboy-Fine-Art-Photography,hub,6
/Western-Fine-Art-Photography,western fine art photography,/Western-Fine-Art-Photography,/American-Western-Art | /Contemporary-Western-Art | /Cowboy-Fine-Art-Photography | /Fine-Art-Photography-of-the-American-West | /Historical-Western-Art | /Painterly-Western-Photography | /Western-Cowboy-Photography | /Western-Frontier-Art | /Western-Black-and-White-Photography | /western-landscape-art | /western-portrait-photography | /western-artwork | /historical-fine-art-photography-collection | /western-fine-art-photography-collection | /cowboy-art-prints,/Blog/what-is-western-fine-art-photography (4); /Blog/what-is-artistic-western-photography (3); /Blog/what-is-western-art (2); /Blog/what-is-western-fine-art (2); /Cowboy-Photography (2),"western fine art photography (28); (image/link without text) (2); {headerImages.map((img, index) => ( ))} (2); Western Fine Art Photography collection (2)",/American-Western-Art | /Contemporary-Western-Art | /Cowboy-Fine-Art-Photography,hub,34
/Western-Frontier-Art,western frontier art,/Western-Frontier-Art,/American-Western-Art | /Contemporary-Western-Art | /Cowboy-Fine-Art-Photography | /Fine-Art-Photography-of-the-American-West | /Historical-Western-Art | /Painterly-Western-Photography | /Western-Cowboy-Photography | /Western-Fine-Art-Photography | /Western-Black-and-White-Photography | /western-landscape-art | /western-portrait-photography | /western-artwork | /historical-fine-art-photography-collection | /western-fine-art-photography-collection | /cowboy-art-prints,/Masters-of-American-Western-Art (1),Western Frontier Art (1),/American-Western-Art | /Contemporary-Western-Art | /Cowboy-Fine-Art-Photography,hub,1
/Western-Photography-Art,western photography art,/Western-Photography-Art,/western-photos | /western-art-photography | /Western-Photography-Prints,/western-art-photography (2); /Photography-in-Western-Art (1); /Western-Fine-Art-Photography (1),Western photography art (4),/western-photos | /western-art-photography | /Western-Photography-Prints,hub,4
/Western-Wall-Art,western wall art,/Western-Wall-Art,/Modern-Western-Interior-Design-Art | /Western-Interior-Design-Art | /Western-Wall-Art-for-Interior-Designers | /Rustic-Western-Interior-Design-Art,,,/Modern-Western-Interior-Design-Art | /Western-Interior-Design-Art | /Western-Wall-Art-for-Interior-Designers,hub,0
/Modern-Western-Interior-Design-Art,modern western interior design art,/Western-Wall-Art,/Western-Wall-Art | /Western-Interior-Design-Art | /Western-Wall-Art-for-Interior-Designers | /Rustic-Western-Interior-Design-Art,,,/Western-Wall-Art | /Western-Interior-Design-Art | /Western-Wall-Art-for-Interior-Designers,buyer page,0
/Western-Interior-Design-Art,western interior design art,/Western-Wall-Art,/Western-Wall-Art | /Modern-Western-Interior-Design-Art | /Western-Wall-Art-for-Interior-Designers | /Rustic-Western-Interior-Design-Art,,,/Western-Wall-Art | /Modern-Western-Interior-Design-Art | /Western-Wall-Art-for-Interior-Designers,buyer page,0
/Western-Wall-Art-for-Interior-Designers,western wall art for interior designers,/Western-Wall-Art,/Western-Wall-Art | /Modern-Western-Interior-Design-Art | /Western-Interior-Design-Art | /Rustic-Western-Interior-Design-Art,,,/Western-Wall-Art | /Modern-Western-Interior-Design-Art | /Western-Interior-Design-Art,buyer page,0
/Rustic-Western-Interior-Design-Art,rustic western interior design art,/Western-Wall-Art,/Western-Wall-Art | /Modern-Western-Interior-Design-Art | /Western-Interior-Design-Art | /Western-Wall-Art-for-Interior-Designers,,,/Western-Wall-Art | /Modern-Western-Interior-Design-Art | /Western-Interior-Design-Art,buyer page,0
/Western-Black-and-White-Photography,western black and white photography,/Western-Black-and-White-Photography,/American-Western-Art | /Contemporary-Western-Art | /Cowboy-Fine-Art-Photography | /Fine-Art-Photography-of-the-American-West | /Historical-Western-Art | /Painterly-Western-Photography | /Western-Cowboy-Photography | /Western-Fine-Art-Photography | /Western-Frontier-Art | /western-landscape-art | /western-portrait-photography | /western-artwork | /historical-fine-art-photography-collection | /western-fine-art-photography-collection | /cowboy-art-prints,/Blog/what-is-western-cowboy-art (1),Western black and white photography (1),/American-Western-Art | /Contemporary-Western-Art | /Cowboy-Fine-Art-Photography,spoke,1
/western-landscape-art,western landscape art,/western-landscape-art,/American-Western-Art | /Contemporary-Western-Art | /Cowboy-Fine-Art-Photography | /Fine-Art-Photography-of-the-American-West | /Historical-Western-Art | /Painterly-Western-Photography | /Western-Cowboy-Photography | /Western-Fine-Art-Photography | /Western-Frontier-Art | /Western-Black-and-White-Photography | /western-portrait-photography | /western-artwork | /historical-fine-art-photography-collection | /western-fine-art-photography-collection | /cowboy-art-prints,/Art-of-the-West (1),Western Landscape Art (1),/American-Western-Art | /Contemporary-Western-Art | /Cowboy-Fine-Art-Photography,spoke,1
/western-photos,western photos,/Western-Photography-Art,/Western-Photography-Art | /western-art-photography | /Western-Photography-Prints,,,/Western-Photography-Art | /western-art-photography | /Western-Photography-Prints,spoke,0
/western-portrait-photography,western portrait photography,/western-portrait-photography,/American-Western-Art | /Contemporary-Western-Art | /Cowboy-Fine-Art-Photography | /Fine-Art-Photography-of-the-American-West | /Historical-Western-Art | /Painterly-Western-Photography | /Western-Cowboy-Photography | /Western-Fine-Art-Photography | /Western-Frontier-Art | /Western-Black-and-White-Photography | /western-landscape-art | /western-artwork | /historical-fine-art-photography-collection | /western-fine-art-photography-collection | /cowboy-art-prints,,,/American-Western-Art | /Contemporary-Western-Art | /Cowboy-Fine-Art-Photography,spoke,0
/old-western-art,old western art,/vintage-western-art,/vintage-western-art,,,/vintage-western-art,spoke,0
/vintage-western-art,vintage western art,/vintage-western-art,/old-western-art,/old-western-art (2),Vintage Western Art (2),/old-western-art,spoke,2
/western-art-photography,western art photography,/Western-Photography-Art,/Western-Photography-Art | /western-photos | /Western-Photography-Prints,/Western-Photography-Art (1),western art photography (1),/Western-Photography-Art | /western-photos | /Western-Photography-Prints,spoke,1
/western-artwork,western artwork,/western-artwork,/American-Western-Art | /Contemporary-Western-Art | /Cowboy-Fine-Art-Photography | /Fine-Art-Photography-of-the-American-West | /Historical-Western-Art | /Painterly-Western-Photography | /Western-Cowboy-Photography | /Western-Fine-Art-Photography | /Western-Frontier-Art | /Western-Black-and-White-Photography | /western-landscape-art | /western-portrait-photography | /historical-fine-art-photography-collection | /western-fine-art-photography-collection | /cowboy-art-prints,,,/American-Western-Art | /Contemporary-Western-Art | /Cowboy-Fine-Art-Photography,spoke,0
/Western-Photography-Prints,western photography prints,/Western-Photography-Art,/Western-Photography-Art | /western-photos | /western-art-photography,/western-art-photography (2); /western-photos (1),Western Photography Prints (3),/Western-Photography-Art | /western-photos | /western-art-photography,buyer page,3
/historical-fine-art-photography-collection,historical fine art photography collection,/historical-fine-art-photography-collection,/American-Western-Art | /Contemporary-Western-Art | /Cowboy-Fine-Art-Photography | /Fine-Art-Photography-of-the-American-West | /Historical-Western-Art | /Painterly-Western-Photography | /Western-Cowboy-Photography | /Western-Fine-Art-Photography | /Western-Frontier-Art | /Western-Black-and-White-Photography | /western-landscape-art | /western-portrait-photography | /western-artwork | /western-fine-art-photography-collection | /cowboy-art-prints,,,/American-Western-Art | /Contemporary-Western-Art | /Cowboy-Fine-Art-Photography,spoke,0
/western-fine-art-photography-collection,western fine art photography collection,/western-fine-art-photography-collection,/American-Western-Art | /Contemporary-Western-Art | /Cowboy-Fine-Art-Photography | /Fine-Art-Photography-of-the-American-West | /Historical-Western-Art | /Painterly-Western-Photography | /Western-Cowboy-Photography | /Western-Fine-Art-Photography | /Western-Frontier-Art | /Western-Black-and-White-Photography | /western-landscape-art | /western-portrait-photography | /western-artwork | /historical-fine-art-photography-collection | /cowboy-art-prints,,,/American-Western-Art | /Contemporary-Western-Art | /Cowboy-Fine-Art-Photography,spoke,0
/cinematic-western-art,cinematic western art,/Narrative-Western-Art,/Narrative-Western-Art | /western-storytelling-photography,/Blog/what-makes-an-image-feel-cinematic (1); /Galleries/Painterly-Fine-Art-Photography/Facing-History/Wild-West (1); /Narrative-Western-Art (1),Cinematic Western Art (3),/Narrative-Western-Art | /western-storytelling-photography,editorial bridge,3
/cowboy-art-prints,cowboy art prints,/cowboy-art-prints,/American-Western-Art | /Contemporary-Western-Art | /Cowboy-Fine-Art-Photography | /Fine-Art-Photography-of-the-American-West | /Historical-Western-Art | /Painterly-Western-Photography | /Western-Cowboy-Photography | /Western-Fine-Art-Photography | /Western-Frontier-Art | /Western-Black-and-White-Photography | /western-landscape-art | /western-portrait-photography | /western-artwork | /historical-fine-art-photography-collection | /western-fine-art-photography-collection,/Narrative-Western-Art (1),Cowboy Art Prints (1),/American-Western-Art | /Contemporary-Western-Art | /Cowboy-Fine-Art-Photography,buyer page,1
/western-storytelling-photography,western storytelling photography,/Narrative-Western-Art,/Narrative-Western-Art | /cinematic-western-art,/Blog/what-is-narrative-photography (1); /Blog/what-is-visual-storytelling-in-photography (1); /cinematic-western-art (1); /Galleries/Painterly-Fine-Art-Photography/Facing-History/Wild-West (1); /Narrative-Western-Art (1),Western Storytelling Photography (6),/Narrative-Western-Art | /cinematic-western-art,editorial bridge,6