2	👤	301	/Galleries/Architecture/i-kdkL5WG
2	👤	301	/Galleries/Painterly-Fine-Art-Photography/Facing-History/WWII/War/i-j8MSWCQ
2	👤	301	/Galleries/Painterly-Fine-Art-Photography/Facing-History/Western-Cowboy-Portraits/Black-White/i-Dw6Z8ff
2	👤	301	/Galleries/Painterly-Fine-Art-Photography/Facing-History/Western-Cowboy-Portraits/Black-White/i-Mm3jXFH
2	🤖	301	/Galleries/Painterly-Fine-Art-Photography/Facing-History/Western-Cowboy-Portraits/Black-White/i-p6nks3C
2	👤	301	/Galleries/Painterly-Fine-Art-Photography/Facing-History/Western-Cowboy-Portraits/Black-White/i-vTp98Z6
2	👤	301	/Galleries/Painterly-Fine-Art-Photography/Facing-History/Western-Cowboy-Portraits/Color/i-fkMpXJf
2	🤖	301	/Galleries/Painterly-Fine-Art-Photography/Facing-History/Western-Cowboy-Portraits/Color/i-mBD4f67
2	🤖	301	/Galleries/Painterly-Fine-Art-Photography/Facing-History/Western-Cowboy-Portraits/Color/i-rRdrQBg
2	🤖	301	/Galleries/Painterly-Fine-Art-Photography/Facing-History/Western-Cowboy-Portraits/NA-Color/i-RnKtV3Z
2	🤖	301	/Galleries/Painterly-Fine-Art-Photography/Facing-History/Western-Cowboy-Portraits/NA-Color/i-sSHtMSC
2	👤	410	/Galleries/Portraits-and-People/Kids/i-t2VqwVQ/
2	🤖	410	/Other/Photo-Shoots-and-Themes/Old-Buildings-and-Structures/Modern/i-HhrXcC5
1	👤	301	/Galleries/Animals-and-Pets/Pets-and-People/i-7tpCc48
1	🤖	301	/Galleries/Animals-and-Pets/Pets-and-People/i-V92pfNN
1	🤖	301	/Galleries/Architecture/i-3XJGN8s/
1	🤖	301	/Galleries/Architecture/i-Bdbf3L9
1	🤖	301	/Galleries/Architecture/i-MXKDnVL/
1	🤖	301	/Galleries/Architecture/i-PmxqLBs/
1	🤖	301	/Galleries/Architecture/i-QkG3vmv/
1	🤖	301	/Galleries/Architecture/i-RqPhH9F
1	🤖	301	/Galleries/Architecture/i-SCWP4NP
1	🤖	301	/Galleries/Architecture/i-VbsJ838/
1	🤖	301	/Galleries/Architecture/i-XV5CXk6
1	🤖	301	/Galleries/Architecture/i-cGdLT5v
1	🤖	301	/Galleries/Architecture/i-tG3cqHk
1	🤖	301	/Galleries/Architecture/i-zrvTR9s
1	🤖	301	/Galleries/Fine-Art-Photography/Landscapes/By-Location/Midwest/Gallery/i-J6CS9dN
1	👤	301	/Galleries/Fine-Art-Photography/Landscapes/By-Theme/Black-White/Black-White/i-HgQBk3g
1	🤖	301	/Galleries/Fine-Art-Photography/Portraits/Reenactors/i-QsNP7mR
1	👤	301	/Galleries/Fine-Art-Photography/Portraits/Reenactors/i-cHBczG6
1	🤖	301	/Galleries/History-Reenactments/i-9gF9rCs/
1	🤖	301	/Galleries/History-Reenactments/i-Kpp5Cng
1	👤	301	/Galleries/History-Reenactments/i-Q8VzmZb/
1	👤	301	/Galleries/Landscapes-Gallery/Black-and-White-Landscapes/i-736PQff
1	👤	301	/Galleries/Landscapes-Gallery/Black-and-White-Landscapes/i-9BJXt7k
1	🤖	301	/Galleries/Landscapes-Gallery/Black-and-White-Landscapes/i-qJt7BwZ
1	🤖	301	/Galleries/Landscapes-Gallery/Landscapes/i-MmGfvfX
1	🤖	301	/Galleries/Landscapes-Gallery/Waterfalls/i-jpptgFS/
1	🤖	301	/Galleries/Landscapes-Gallery/Waterfalls/i-kpHk9bS
1	👤	301	/Galleries/Painterly-Fine-Art-Photography/Facing-History/...phy/Facing-History/WWII/War/i-7bVL94b
1	🤖	301	/Galleries/Painterly-Fine-Art-Photography/Facing-History/Native-American-Art-Prints/i-4Hz6D7k
1	🤖	301	/Galleries/Painterly-Fine-Art-Photography/Facing-History/Native-American-Art-Prints/i-7hD9CCh
1	🤖	301	/Galleries/Painterly-Fine-Art-Photography/Facing-History/Roaring-20s-Portraits/Color%20copy/i-5CcF5N4
1	🤖	301	/Galleries/Painterly-Fine-Art-Photography/Facing-History/Roaring-20s-Portraits/Color%20copy/i-5bqK2s3
1	👤	301	/Galleries/Painterly-Fine-Art-Photography/Facing-History/Roaring-20s-Portraits/Color/i-KdGdjFZ
1	🤖	301	/Galleries/Painterly-Fine-Art-Photography/Facing-History/WWII/Machines/i-Z6f9LZn
1	🤖	301	/Galleries/Painterly-Fine-Art-Photography/Facing-History/WWII/Machines/i-ttDPKwH
1	👤	301	/Galleries/Painterly-Fine-Art-Photography/Facing-History/WWII/Portraits/Black-White/i-bnJtpBX
1	🤖	301	/Galleries/Painterly-Fine-Art-Photography/Facing-History/WWII/Portraits/Black-White/i-bnJtpBX
1	🤖	301	/Galleries/Painterly-Fine-Art-Photography/Facing-History/WWII/Portraits/Color%20copy/i-JHFfSb5
1	🤖	301	/Galleries/Painterly-Fine-Art-Photography/Facing-History/WWII/Portraits/Color%20copy/i-TCM54GK
1	🤖	301	/Galleries/Painterly-Fine-Art-Photography/Facing-History/WWII/Portraits/Color%20copy/i-wVWVrJ3
1	🤖	301	/Galleries/Painterly-Fine-Art-Photography/Facing-History/WWII/Portraits/i-CMNk3QP
1	🤖	301	/Galleries/Painterly-Fine-Art-Photography/Facing-History/WWII/Portraits/i-JnmQDPd
1	🤖	301	/Galleries/Painterly-Fine-Art-Photography/Facing-History/WWII/War/Color,/Galleries/Painterly-Fine-Art-Photography/Facing-History/WWII/Portraits/Color/i-kFG6fSc
1	🤖	301	/Galleries/Painterly-Fine-Art-Photography/Facing-History/WWII/War/Color,/Galleries/Painterly-Fine-Art-Photography/Facing-History/WWII/Portraits/Color/i-sLWpzr4
1	🤖	301	/Galleries/Painterly-Fine-Art-Photography/Facing-History/WWII/War/i-7bVL94b
1	🤖	301	/Galleries/Painterly-Fine-Art-Photography/Facing-History/WWII/War/i-fgksDHK
1	🤖	301	/Galleries/Painterly-Fine-Art-Photography/Facing-History/WWII/War/i-frBvQp7
