Domain,Category,Relevance score (1-5),Authority score,Why it fits K4,Possible pitch angle,Contact / submission URL,Risk,Status
luminous-landscape.com,Photography education and editorial,5,TBD,High-end photographic discourse audience and long-form feature format,Painterly Western photography and One-Image Movie storytelling,https://luminous-landscape.com/contact/,low,shortlist
outdoorphotographer.com,Photography magazine,4,TBD,Outdoor and landscape readership overlaps Western narrative photography,Cinematic Western fine art process feature,https://www.outdoorphotographer.com/contact/,low,shortlist
naturephotographermag.com,Photography magazine,3,TBD,Nature-forward but compatible with Western atmosphere and narrative framing,Narrative Western art and visual storytelling crossover,https://www.naturephotographermag.com/contact-us/,medium,shortlist
naturephotographers.net,Photography community,3,TBD,Practitioner community with critique and feature pathways,Pictorialism and contemporary Western photography,https://www.naturephotographers.net/contact/,medium,shortlist
nanpa.org,Photography association,3,TBD,Credible educational community and member-facing editorial channels,Photography as visual storytelling in frontier narratives,https://www.nanpa.org/contact/,low,shortlist
largeformatphotography.info,Photography forum and education,3,TBD,Art-craft audience aligned with process-heavy fine art positioning,Painterly process and historical image language,https://www.largeformatphotography.info/forum/misc.php?do=showrules,medium,research contact path
cowboysindians.com,Western culture and arts publication,5,TBD,Direct Western culture audience with art and artist feature potential,The human structure beneath the myth in Western portrait work,https://www.cowboysindians.com/contact-us/,low,shortlist
westernhorseman.com,Western lifestyle and ranch culture,4,TBD,Strong Western audience and editorial bridge into portrait narratives,Frontier character studies beyond stock cowboy imagery,https://www.westernhorseman.com/contact/,medium,shortlist
truewestmagazine.com,Old West history publication,5,TBD,Historical-West audience aligns with reenactment and frontier narrative work,Historical reenactment photography elevated into fine art,https://truewestmagazine.com/contact/,low,shortlist
westernartandarchitecture.com,Western art and design publication,5,TBD,Collector and interior readership fits print and wall-art intent,Western art prints with cinematic story for collectors,https://westernartandarchitecture.com/contact-us,low,shortlist
southwestart.com,Art publication and collector audience,4,TBD,Fine art and collector readership with Western overlap,Pictorialist influence in contemporary Western fine art photography,https://www.southwestart.com/contact,medium,shortlist
cowgirlmagazine.com,Western women and cowgirl culture,4,TBD,Direct fit for cowgirl photos and women-of-the-West gap terms,Cowgirl portraits built on story not costume,https://www.cowgirlmagazine.com/contact-us/,low,shortlist
westernlifetoday.com,Western lifestyle editorial,3,TBD,Commercial and culture crossover audience for print-intent pages,Collector-facing Western wall art with narrative depth,https://www.westernlifetoday.com/contact/,medium,research audience fit
artofmanliness.com,Culture and history media,2,TBD,Broader audience; selective fit via craftsmanship/storytelling angle,Story structure and character in Western portraiture,https://www.artofmanliness.com/about/,medium,watchlist
substack.com,Newsletter platform and guest collaborations,3,TBD,Good channel for interview features and serialized process essays,One-Image Movie framework for still-image storytelling,https://substack.com/contact,low,build outreach list by specific writers
